model,mae_train,rmse_train,r2_train,mae_test,rmse_test,r2_test
LinearRegression,2.192278681775741,2.5410518385719247,0.015424208203571488,2.22726686585357,2.5748029170427222,-0.017045341966972938
Ridge,2.192331143708671,2.5410544063801312,0.015422218316519687,2.227347854466476,2.5748347870663473,-0.017070519396640504
Lasso,2.195752907582555,2.542294044029247,0.014461343653564218,2.224045161106596,2.571237139658084,-0.014230333413681961
ElasticNet,2.194343630129752,2.5417382813809026,0.014892187368694576,2.226127176634002,2.5733920473923417,-0.01593106229687047
