feature,VIF
const,0.0
x0,2.4046727389576117
x1,1.005893724758654
x2,1.0098553549280112
x3,1.0032730912104313
x4,21.983720559373957
x5,inf
x6,inf
x7,inf
x8,inf
x9,inf
x10,inf
x11,inf
x12,inf
x13,inf
